frequency,amplitude,snr,bandwidth,is_interference,interference_prob,timestamp,recommendations
915.0,-55.0,12.0,10.0,True,0.59,2025-05-14 20:45:59.485386,['üü° –í–æ–∑–º–æ–∂–Ω—ã –ø–æ–º–µ—Ö–∏ (59.0%)']
880.0,-65.0,8.0,20.0,True,0.58,2025-05-14 20:46:06.926407,"['üü° –í–æ–∑–º–æ–∂–Ω—ã –ø–æ–º–µ—Ö–∏ (58.0%)', '‚ö° –ü—Ä–æ–≤–µ—Ä–∏—Ç—å –∞–Ω—Ç–µ–Ω–Ω—É (–∞–º–ø–ª–∏—Ç—É–¥–∞ -65.0 dB)']"
2450.0,-70.0,5.0,40.0,False,0.33,2025-05-14 20:46:14.111935,"['üü° –í–æ–∑–º–æ–∂–Ω—ã –ø–æ–º–µ—Ö–∏ (33.0%)', '‚ö° –ü—Ä–æ–≤–µ—Ä–∏—Ç—å –∞–Ω—Ç–µ–Ω–Ω—É (–∞–º–ø–ª–∏—Ç—É–¥–∞ -70.0 dB)', 'üì∂ Wi-Fi –¥–∏–∞–ø–∞–∑–æ–Ω –º–æ–∂–µ—Ç –±—ã—Ç—å –ø–µ—Ä–µ–≥—Ä—É–∂–µ–Ω']"
915.0,-55.0,12.0,10.0,True,0.59,2025-05-14 21:05:42.384219,['üü° –í–æ–∑–º–æ–∂–Ω—ã –ø–æ–º–µ—Ö–∏ (59.0%)']
880.0,-65.0,8.0,20.0,True,0.58,2025-05-14 21:05:45.079445,"['üü° –í–æ–∑–º–æ–∂–Ω—ã –ø–æ–º–µ—Ö–∏ (58.0%)', '‚ö° –ü—Ä–æ–≤–µ—Ä–∏—Ç—å –∞–Ω—Ç–µ–Ω–Ω—É (–∞–º–ø–ª–∏—Ç—É–¥–∞ -65.0 dB)']"
2450.0,-70.0,5.0,40.0,False,0.33,2025-05-14 21:05:47.699413,"['üü° –í–æ–∑–º–æ–∂–Ω—ã –ø–æ–º–µ—Ö–∏ (33.0%)', '‚ö° –ü—Ä–æ–≤–µ—Ä–∏—Ç—å –∞–Ω—Ç–µ–Ω–Ω—É (–∞–º–ø–ª–∏—Ç—É–¥–∞ -70.0 dB)', 'üì∂ Wi-Fi –¥–∏–∞–ø–∞–∑–æ–Ω –º–æ–∂–µ—Ç –±—ã—Ç—å –ø–µ—Ä–µ–≥—Ä—É–∂–µ–Ω']"
855.9395316950493,-51.398550763991366,23.144840766316488,10,True,0.64,2025-05-14 21:16:04.085172,['üü° –í–æ–∑–º–æ–∂–Ω—ã –ø–æ–º–µ—Ö–∏ (64.0%)']
833.2554184335081,-64.18434856798676,9.823404350035592,5,False,0.2,2025-05-14 21:16:04.102174,"['üü¢ –°–∏–≥–Ω–∞–ª —á–∏—Å—Ç—ã–π (80.0%)', '‚ö° –ü—Ä–æ–≤–µ—Ä–∏—Ç—å –∞–Ω—Ç–µ–Ω–Ω—É (–∞–º–ø–ª–∏—Ç—É–¥–∞ -64.2 dB)']"
831.4368098475156,-53.64313342529597,24.79269057519256,10,True,0.55,2025-05-14 21:16:04.121181,['üü° –í–æ–∑–º–æ–∂–Ω—ã –ø–æ–º–µ—Ö–∏ (55.0%)']
936.4626936535736,-57.68021910292053,14.623693400254588,10,False,0.36,2025-05-14 21:16:04.140175,['üü° –í–æ–∑–º–æ–∂–Ω—ã –ø–æ–º–µ—Ö–∏ (36.0%)']
873.4042569988275,-67.48089286641763,17.915417830971442,20,True,0.62,2025-05-14 21:16:04.159172,"['üü° –í–æ–∑–º–æ–∂–Ω—ã –ø–æ–º–µ—Ö–∏ (62.0%)', '‚ö° –ü—Ä–æ–≤–µ—Ä–∏—Ç—å –∞–Ω—Ç–µ–Ω–Ω—É (–∞–º–ø–ª–∏—Ç—É–¥–∞ -67.5 dB)']"
804.9132341361836,-36.44615807072133,16.094828269486655,20,True,0.6,2025-05-14 21:19:17.748196,['üü° –í–æ–∑–º–æ–∂–Ω—ã –ø–æ–º–µ—Ö–∏ (60.0%)']
905.9794655940693,-66.15452579855051,20.03481527458584,20,False,0.4,2025-05-14 21:19:17.760198,"['üü° –í–æ–∑–º–æ–∂–Ω—ã –ø–æ–º–µ—Ö–∏ (40.0%)', '‚ö° –ü—Ä–æ–≤–µ—Ä–∏—Ç—å –∞–Ω—Ç–µ–Ω–Ω—É (–∞–º–ø–ª–∏—Ç—É–¥–∞ -66.2 dB)']"
907.4365765974328,-32.790938507694946,24.42226696097112,5,False,0.3,2025-05-14 21:19:17.777197,['üü¢ –°–∏–≥–Ω–∞–ª —á–∏—Å—Ç—ã–π (70.0%)']
880.1000466006351,-30.51949817761708,15.602764052474864,20,True,0.52,2025-05-14 21:19:17.796199,['üü° –í–æ–∑–º–æ–∂–Ω—ã –ø–æ–º–µ—Ö–∏ (52.0%)']
873.3243498003852,-53.417621616638364,23.27076285842674,20,True,0.59,2025-05-14 21:19:17.814234,['üü° –í–æ–∑–º–æ–∂–Ω—ã –ø–æ–º–µ—Ö–∏ (59.0%)']
975.6950332278199,-69.80381939601929,20.890844275271654,5,False,0.24,2025-05-14 21:19:35.891416,"['üü¢ –°–∏–≥–Ω–∞–ª —á–∏—Å—Ç—ã–π (76.0%)', '‚ö° –ü—Ä–æ–≤–µ—Ä–∏—Ç—å –∞–Ω—Ç–µ–Ω–Ω—É (–∞–º–ø–ª–∏—Ç—É–¥–∞ -69.8 dB)']"
123.0,3.0,-12.0,0.0,False,0.44,2025-05-14 21:20:06.155432,['üü° –í–æ–∑–º–æ–∂–Ω—ã –ø–æ–º–µ—Ö–∏ (44.0%)']
904.6305412412622,-51.95280670087087,8.221304465215669,5,False,0.37,2025-05-14 21:32:09.395540,['üü° –í–æ–∑–º–æ–∂–Ω—ã –ø–æ–º–µ—Ö–∏ (37.0%)']
867.5555826956939,-53.91394661293394,13.67617528120524,10,False,0.46,2025-05-14 21:32:15.325068,['üü° –í–æ–∑–º–æ–∂–Ω—ã –ø–æ–º–µ—Ö–∏ (46.0%)']
844.0806961676042,-68.35715013011554,26.066065684219755,10,True,0.56,2025-05-14 21:32:22.723059,"['üü° –í–æ–∑–º–æ–∂–Ω—ã –ø–æ–º–µ—Ö–∏ (56.0%)', '‚ö° –ü—Ä–æ–≤–µ—Ä–∏—Ç—å –∞–Ω—Ç–µ–Ω–Ω—É (–∞–º–ø–ª–∏—Ç—É–¥–∞ -68.4 dB)']"
895.5512207926115,-54.88939373804287,20.205519304507064,20,False,0.43,2025-05-14 21:32:32.165060,['üü° –í–æ–∑–º–æ–∂–Ω—ã –ø–æ–º–µ—Ö–∏ (43.0%)']
829.2770849171945,-34.469539715004544,14.970454272436955,5,True,0.54,2025-05-14 21:32:32.182063,['üü° –í–æ–∑–º–æ–∂–Ω—ã –ø–æ–º–µ—Ö–∏ (54.0%)']
896.820647364566,-40.84151361912609,15.516301083991603,20,True,0.59,2025-05-14 21:32:32.198058,['üü° –í–æ–∑–º–æ–∂–Ω—ã –ø–æ–º–µ—Ö–∏ (59.0%)']
840.6337505180958,-57.685259219878276,16.106554294815826,10,False,0.36,2025-05-14 21:32:32.217090,['üü° –í–æ–∑–º–æ–∂–Ω—ã –ø–æ–º–µ—Ö–∏ (36.0%)']
906.41763227106,-32.6378182698369,17.084874441051383,20,False,0.41,2025-05-14 21:32:32.241090,['üü° –í–æ–∑–º–æ–∂–Ω—ã –ø–æ–º–µ—Ö–∏ (41.0%)']
